--
-- PostgreSQL database dump
-- TODO: Create new dump in the END with GENERIC SUPERUSER!!!

-- Dumped from database version 15.2
-- Dumped by pg_dump version 15.1

-- Started on 2023-02-18 12:20:33 CET

SET statement_timeout = 0;
SET lock_timeout = 0;
SET idle_in_transaction_session_timeout = 0;
SET client_encoding = 'UTF8';
SET standard_conforming_strings = on;
SELECT pg_catalog.set_config('search_path', '', false);
SET check_function_bodies = false;
SET xmloption = content;
SET client_min_messages = warning;
SET row_security = off;

--
-- TOC entry 3808 (class 1262 OID 16390)
-- Name: flightx_db; Type: DATABASE; Schema: -; Owner: TODO: Create new superuser
--

CREATE DATABASE flightx_db WITH TEMPLATE = template0 ENCODING = 'UTF8' LOCALE_PROVIDER = icu LOCALE = 'en_US.UTF-8' ICU_LOCALE = 'en-US';


-- TODO: Replace xxxxxxx with superuser username
ALTER DATABASE flightx_db OWNER TO XXXXXX;

\connect flightx_db

SET statement_timeout = 0;
SET lock_timeout = 0;
SET idle_in_transaction_session_timeout = 0;
SET client_encoding = 'UTF8';
SET standard_conforming_strings = on;
SELECT pg_catalog.set_config('search_path', '', false);
SET check_function_bodies = false;
SET xmloption = content;
SET client_min_messages = warning;
SET row_security = off;

SET default_tablespace = '';

SET default_table_access_method = heap;

--
-- TOC entry 233 (class 1259 OID 16526)
-- Name: airlinex_aircraft; Type: TABLE; Schema: public; Owner: postgres
--

CREATE TABLE public.airlinex_aircraft (
    registration character varying(10) NOT NULL,
    type_series character varying(10) NOT NULL,
    passenger_capacity integer NOT NULL
);


ALTER TABLE public.airlinex_aircraft OWNER TO postgres;

--
-- TOC entry 235 (class 1259 OID 16532)
-- Name: airlinex_assignment; Type: TABLE; Schema: public; Owner: postgres
--

CREATE TABLE public.airlinex_assignment (
    id bigint NOT NULL,
    employee_id bigint NOT NULL,
    flight_id character varying(10) NOT NULL
);


ALTER TABLE public.airlinex_assignment OWNER TO postgres;

--
-- TOC entry 234 (class 1259 OID 16531)
-- Name: airlinex_assignment_id_seq; Type: SEQUENCE; Schema: public; Owner: postgres
--

ALTER TABLE public.airlinex_assignment ALTER COLUMN id ADD GENERATED BY DEFAULT AS IDENTITY (
    SEQUENCE NAME public.airlinex_assignment_id_seq
    START WITH 1
    INCREMENT BY 1
    NO MINVALUE
    NO MAXVALUE
    CACHE 1
);


--
-- TOC entry 242 (class 1259 OID 16556)
-- Name: airlinex_booking; Type: TABLE; Schema: public; Owner: postgres
--

CREATE TABLE public.airlinex_booking (
    id bigint NOT NULL,
    "time" timestamp with time zone NOT NULL,
    flight_id character varying(10) NOT NULL,
    passenger_id bigint NOT NULL
);


ALTER TABLE public.airlinex_booking OWNER TO postgres;

--
-- TOC entry 241 (class 1259 OID 16555)
-- Name: airlinex_booking_id_seq; Type: SEQUENCE; Schema: public; Owner: postgres
--

ALTER TABLE public.airlinex_booking ALTER COLUMN id ADD GENERATED BY DEFAULT AS IDENTITY (
    SEQUENCE NAME public.airlinex_booking_id_seq
    START WITH 1
    INCREMENT BY 1
    NO MINVALUE
    NO MAXVALUE
    CACHE 1
);


--
-- TOC entry 237 (class 1259 OID 16538)
-- Name: airlinex_employee; Type: TABLE; Schema: public; Owner: postgres
--

CREATE TABLE public.airlinex_employee (
    id bigint NOT NULL,
    first_name character varying(100) NOT NULL,
    last_name character varying(100) NOT NULL,
    email character varying(254) NOT NULL,
    role character varying(2) NOT NULL
);


ALTER TABLE public.airlinex_employee OWNER TO postgres;

--
-- TOC entry 236 (class 1259 OID 16537)
-- Name: airlinex_employee_id_seq; Type: SEQUENCE; Schema: public; Owner: postgres
--

ALTER TABLE public.airlinex_employee ALTER COLUMN id ADD GENERATED BY DEFAULT AS IDENTITY (
    SEQUENCE NAME public.airlinex_employee_id_seq
    START WITH 1
    INCREMENT BY 1
    NO MINVALUE
    NO MAXVALUE
    CACHE 1
);


--
-- TOC entry 240 (class 1259 OID 16549)
-- Name: airlinex_flight; Type: TABLE; Schema: public; Owner: postgres
--

CREATE TABLE public.airlinex_flight (
    number character varying(10) NOT NULL,
    departure_time timestamp with time zone NOT NULL,
    arrival_time timestamp with time zone NOT NULL,
    delay integer NOT NULL,
    departure_airport_id character varying(4) NOT NULL,
    destination_airport_id character varying(4) NOT NULL,
    aircraft_id character varying(10) NOT NULL,
    CONSTRAINT airlinex_flight_delay_check CHECK ((delay >= 0))
);


ALTER TABLE public.airlinex_flight OWNER TO postgres;

--
-- TOC entry 239 (class 1259 OID 16544)
-- Name: airlinex_passenger; Type: TABLE; Schema: public; Owner: postgres
--

CREATE TABLE public.airlinex_passenger (
    id bigint NOT NULL,
    first_name character varying(100) NOT NULL,
    last_name character varying(100) NOT NULL,
    status character varying(20) NOT NULL,
    notes text NOT NULL
);


ALTER TABLE public.airlinex_passenger OWNER TO postgres;

--
-- TOC entry 238 (class 1259 OID 16543)
-- Name: airlinex_passenger_id_seq; Type: SEQUENCE; Schema: public; Owner: postgres
--

ALTER TABLE public.airlinex_passenger ALTER COLUMN id ADD GENERATED BY DEFAULT AS IDENTITY (
    SEQUENCE NAME public.airlinex_passenger_id_seq
    START WITH 1
    INCREMENT BY 1
    NO MINVALUE
    NO MAXVALUE
    CACHE 1
);


--
-- TOC entry 232 (class 1259 OID 16520)
-- Name: airportx_airport; Type: TABLE; Schema: public; Owner: postgres
--

CREATE TABLE public.airportx_airport (
    icao_code character varying(4) NOT NULL,
    name character varying(100) NOT NULL
);


ALTER TABLE public.airportx_airport OWNER TO postgres;

--
-- TOC entry 221 (class 1259 OID 16414)
-- Name: auth_group; Type: TABLE; Schema: public; Owner: postgres
--

CREATE TABLE public.auth_group (
    id integer NOT NULL,
    name character varying(150) NOT NULL
);


ALTER TABLE public.auth_group OWNER TO postgres;

--
-- TOC entry 220 (class 1259 OID 16413)
-- Name: auth_group_id_seq; Type: SEQUENCE; Schema: public; Owner: postgres
--

ALTER TABLE public.auth_group ALTER COLUMN id ADD GENERATED BY DEFAULT AS IDENTITY (
    SEQUENCE NAME public.auth_group_id_seq
    START WITH 1
    INCREMENT BY 1
    NO MINVALUE
    NO MAXVALUE
    CACHE 1
);


--
-- TOC entry 223 (class 1259 OID 16422)
-- Name: auth_group_permissions; Type: TABLE; Schema: public; Owner: postgres
--

CREATE TABLE public.auth_group_permissions (
    id bigint NOT NULL,
    group_id integer NOT NULL,
    permission_id integer NOT NULL
);


ALTER TABLE public.auth_group_permissions OWNER TO postgres;

--
-- TOC entry 222 (class 1259 OID 16421)
-- Name: auth_group_permissions_id_seq; Type: SEQUENCE; Schema: public; Owner: postgres
--

ALTER TABLE public.auth_group_permissions ALTER COLUMN id ADD GENERATED BY DEFAULT AS IDENTITY (
    SEQUENCE NAME public.auth_group_permissions_id_seq
    START WITH 1
    INCREMENT BY 1
    NO MINVALUE
    NO MAXVALUE
    CACHE 1
);


--
-- TOC entry 219 (class 1259 OID 16408)
-- Name: auth_permission; Type: TABLE; Schema: public; Owner: postgres
--

CREATE TABLE public.auth_permission (
    id integer NOT NULL,
    name character varying(255) NOT NULL,
    content_type_id integer NOT NULL,
    codename character varying(100) NOT NULL
);


ALTER TABLE public.auth_permission OWNER TO postgres;

--
-- TOC entry 218 (class 1259 OID 16407)
-- Name: auth_permission_id_seq; Type: SEQUENCE; Schema: public; Owner: postgres
--

ALTER TABLE public.auth_permission ALTER COLUMN id ADD GENERATED BY DEFAULT AS IDENTITY (
    SEQUENCE NAME public.auth_permission_id_seq
    START WITH 1
    INCREMENT BY 1
    NO MINVALUE
    NO MAXVALUE
    CACHE 1
);


--
-- TOC entry 225 (class 1259 OID 16428)
-- Name: auth_user; Type: TABLE; Schema: public; Owner: postgres
--

CREATE TABLE public.auth_user (
    id integer NOT NULL,
    password character varying(128) NOT NULL,
    last_login timestamp with time zone,
    is_superuser boolean NOT NULL,
    username character varying(150) NOT NULL,
    first_name character varying(150) NOT NULL,
    last_name character varying(150) NOT NULL,
    email character varying(254) NOT NULL,
    is_staff boolean NOT NULL,
    is_active boolean NOT NULL,
    date_joined timestamp with time zone NOT NULL
);


ALTER TABLE public.auth_user OWNER TO postgres;

--
-- TOC entry 227 (class 1259 OID 16436)
-- Name: auth_user_groups; Type: TABLE; Schema: public; Owner: postgres
--

CREATE TABLE public.auth_user_groups (
    id bigint NOT NULL,
    user_id integer NOT NULL,
    group_id integer NOT NULL
);


ALTER TABLE public.auth_user_groups OWNER TO postgres;

--
-- TOC entry 226 (class 1259 OID 16435)
-- Name: auth_user_groups_id_seq; Type: SEQUENCE; Schema: public; Owner: postgres
--

ALTER TABLE public.auth_user_groups ALTER COLUMN id ADD GENERATED BY DEFAULT AS IDENTITY (
    SEQUENCE NAME public.auth_user_groups_id_seq
    START WITH 1
    INCREMENT BY 1
    NO MINVALUE
    NO MAXVALUE
    CACHE 1
);


--
-- TOC entry 224 (class 1259 OID 16427)
-- Name: auth_user_id_seq; Type: SEQUENCE; Schema: public; Owner: postgres
--

ALTER TABLE public.auth_user ALTER COLUMN id ADD GENERATED BY DEFAULT AS IDENTITY (
    SEQUENCE NAME public.auth_user_id_seq
    START WITH 1
    INCREMENT BY 1
    NO MINVALUE
    NO MAXVALUE
    CACHE 1
);


--
-- TOC entry 229 (class 1259 OID 16442)
-- Name: auth_user_user_permissions; Type: TABLE; Schema: public; Owner: postgres
--

CREATE TABLE public.auth_user_user_permissions (
    id bigint NOT NULL,
    user_id integer NOT NULL,
    permission_id integer NOT NULL
);


ALTER TABLE public.auth_user_user_permissions OWNER TO postgres;

--
-- TOC entry 228 (class 1259 OID 16441)
-- Name: auth_user_user_permissions_id_seq; Type: SEQUENCE; Schema: public; Owner: postgres
--

ALTER TABLE public.auth_user_user_permissions ALTER COLUMN id ADD GENERATED BY DEFAULT AS IDENTITY (
    SEQUENCE NAME public.auth_user_user_permissions_id_seq
    START WITH 1
    INCREMENT BY 1
    NO MINVALUE
    NO MAXVALUE
    CACHE 1
);


--
-- TOC entry 231 (class 1259 OID 16500)
-- Name: django_admin_log; Type: TABLE; Schema: public; Owner: postgres
--

CREATE TABLE public.django_admin_log (
    id integer NOT NULL,
    action_time timestamp with time zone NOT NULL,
    object_id text,
    object_repr character varying(200) NOT NULL,
    action_flag smallint NOT NULL,
    change_message text NOT NULL,
    content_type_id integer,
    user_id integer NOT NULL,
    CONSTRAINT django_admin_log_action_flag_check CHECK ((action_flag >= 0))
);


ALTER TABLE public.django_admin_log OWNER TO postgres;

--
-- TOC entry 230 (class 1259 OID 16499)
-- Name: django_admin_log_id_seq; Type: SEQUENCE; Schema: public; Owner: postgres
--

ALTER TABLE public.django_admin_log ALTER COLUMN id ADD GENERATED BY DEFAULT AS IDENTITY (
    SEQUENCE NAME public.django_admin_log_id_seq
    START WITH 1
    INCREMENT BY 1
    NO MINVALUE
    NO MAXVALUE
    CACHE 1
);


--
-- TOC entry 217 (class 1259 OID 16400)
-- Name: django_content_type; Type: TABLE; Schema: public; Owner: postgres
--

CREATE TABLE public.django_content_type (
    id integer NOT NULL,
    app_label character varying(100) NOT NULL,
    model character varying(100) NOT NULL
);


ALTER TABLE public.django_content_type OWNER TO postgres;

--
-- TOC entry 216 (class 1259 OID 16399)
-- Name: django_content_type_id_seq; Type: SEQUENCE; Schema: public; Owner: postgres
--

ALTER TABLE public.django_content_type ALTER COLUMN id ADD GENERATED BY DEFAULT AS IDENTITY (
    SEQUENCE NAME public.django_content_type_id_seq
    START WITH 1
    INCREMENT BY 1
    NO MINVALUE
    NO MAXVALUE
    CACHE 1
);


--
-- TOC entry 215 (class 1259 OID 16392)
-- Name: django_migrations; Type: TABLE; Schema: public; Owner: postgres
--

CREATE TABLE public.django_migrations (
    id bigint NOT NULL,
    app character varying(255) NOT NULL,
    name character varying(255) NOT NULL,
    applied timestamp with time zone NOT NULL
);


ALTER TABLE public.django_migrations OWNER TO postgres;

--
-- TOC entry 214 (class 1259 OID 16391)
-- Name: django_migrations_id_seq; Type: SEQUENCE; Schema: public; Owner: postgres
--

ALTER TABLE public.django_migrations ALTER COLUMN id ADD GENERATED BY DEFAULT AS IDENTITY (
    SEQUENCE NAME public.django_migrations_id_seq
    START WITH 1
    INCREMENT BY 1
    NO MINVALUE
    NO MAXVALUE
    CACHE 1
);


--
-- TOC entry 243 (class 1259 OID 16626)
-- Name: django_session; Type: TABLE; Schema: public; Owner: postgres
--

CREATE TABLE public.django_session (
    session_key character varying(40) NOT NULL,
    session_data text NOT NULL,
    expire_date timestamp with time zone NOT NULL
);


ALTER TABLE public.django_session OWNER TO postgres;

--
-- TOC entry 3792 (class 0 OID 16526)
-- Dependencies: 233
-- Data for Name: airlinex_aircraft; Type: TABLE DATA; Schema: public; Owner: postgres
--

COPY public.airlinex_aircraft (registration, type_series, passenger_capacity) FROM stdin;
D-ABYA	B748	364
\.


--
-- TOC entry 3794 (class 0 OID 16532)
-- Dependencies: 235
-- Data for Name: airlinex_assignment; Type: TABLE DATA; Schema: public; Owner: postgres
--

COPY public.airlinex_assignment (id, employee_id, flight_id) FROM stdin;
1	1	LH 470
2	2	LH 470
3	3	LH 470
4	4	LH 470
\.


--
-- TOC entry 3801 (class 0 OID 16556)
-- Dependencies: 242
-- Data for Name: airlinex_booking; Type: TABLE DATA; Schema: public; Owner: postgres
--

COPY public.airlinex_booking (id, "time", flight_id, passenger_id) FROM stdin;
1	2023-02-18 12:17:13.533424+01	LH 470	1
2	2023-02-18 12:17:17.335266+01	LH 470	2
\.


--
-- TOC entry 3796 (class 0 OID 16538)
-- Dependencies: 237
-- Data for Name: airlinex_employee; Type: TABLE DATA; Schema: public; Owner: postgres
--

COPY public.airlinex_employee (id, first_name, last_name, email, role) FROM stdin;
1	Carsten	Spohr	cspohr@lufthansa.com	C
2	Jürgen	Raps	raps@lufthansa.com	FO
3	Karl	Geisau	geisau@lufthansa.com	CC
4	Tobias	Bernhard	tbernhard@lufthansa.com	CC
\.


--
-- TOC entry 3799 (class 0 OID 16549)
-- Dependencies: 240
-- Data for Name: airlinex_flight; Type: TABLE DATA; Schema: public; Owner: postgres
--

COPY public.airlinex_flight (number, departure_time, arrival_time, delay, departure_airport_id, destination_airport_id, aircraft_id) FROM stdin;
LH 470	2023-02-18 12:16:33+01	2023-02-18 19:45:00+01	5	EDDF	KJFK	D-ABYA
\.


--
-- TOC entry 3798 (class 0 OID 16544)
-- Dependencies: 239
-- Data for Name: airlinex_passenger; Type: TABLE DATA; Schema: public; Owner: postgres
--

COPY public.airlinex_passenger (id, first_name, last_name, status, notes) FROM stdin;
1	James	Bond	P	Likes his drinks stirred, not shaken.
2	Rainer	Zufall	B	Preferes to be seated randomly.
\.


--
-- TOC entry 3791 (class 0 OID 16520)
-- Dependencies: 232
-- Data for Name: airportx_airport; Type: TABLE DATA; Schema: public; Owner: postgres
--

COPY public.airportx_airport (icao_code, name) FROM stdin;
EDDF	Frankfurt International Airport
KJFK	John F. Kennedy International Airport
\.


--
-- TOC entry 3780 (class 0 OID 16414)
-- Dependencies: 221
-- Data for Name: auth_group; Type: TABLE DATA; Schema: public; Owner: postgres
--

COPY public.auth_group (id, name) FROM stdin;
\.


--
-- TOC entry 3782 (class 0 OID 16422)
-- Dependencies: 223
-- Data for Name: auth_group_permissions; Type: TABLE DATA; Schema: public; Owner: postgres
--

COPY public.auth_group_permissions (id, group_id, permission_id) FROM stdin;
\.


--
-- TOC entry 3778 (class 0 OID 16408)
-- Dependencies: 219
-- Data for Name: auth_permission; Type: TABLE DATA; Schema: public; Owner: postgres
--

COPY public.auth_permission (id, name, content_type_id, codename) FROM stdin;
1	Can add airport	1	add_airport
2	Can change airport	1	change_airport
3	Can delete airport	1	delete_airport
4	Can view airport	1	view_airport
5	Can add aircraft	2	add_aircraft
6	Can change aircraft	2	change_aircraft
7	Can delete aircraft	2	delete_aircraft
8	Can view aircraft	2	view_aircraft
9	Can add assignment	3	add_assignment
10	Can change assignment	3	change_assignment
11	Can delete assignment	3	delete_assignment
12	Can view assignment	3	view_assignment
13	Can add employee	4	add_employee
14	Can change employee	4	change_employee
15	Can delete employee	4	delete_employee
16	Can view employee	4	view_employee
17	Can add passenger	5	add_passenger
18	Can change passenger	5	change_passenger
19	Can delete passenger	5	delete_passenger
20	Can view passenger	5	view_passenger
21	Can add flight	6	add_flight
22	Can change flight	6	change_flight
23	Can delete flight	6	delete_flight
24	Can view flight	6	view_flight
25	Can add booking	7	add_booking
26	Can change booking	7	change_booking
27	Can delete booking	7	delete_booking
28	Can view booking	7	view_booking
29	Can add log entry	8	add_logentry
30	Can change log entry	8	change_logentry
31	Can delete log entry	8	delete_logentry
32	Can view log entry	8	view_logentry
33	Can add permission	9	add_permission
34	Can change permission	9	change_permission
35	Can delete permission	9	delete_permission
36	Can view permission	9	view_permission
37	Can add group	10	add_group
38	Can change group	10	change_group
39	Can delete group	10	delete_group
40	Can view group	10	view_group
41	Can add user	11	add_user
42	Can change user	11	change_user
43	Can delete user	11	delete_user
44	Can view user	11	view_user
45	Can add content type	12	add_contenttype
46	Can change content type	12	change_contenttype
47	Can delete content type	12	delete_contenttype
48	Can view content type	12	view_contenttype
49	Can add session	13	add_session
50	Can change session	13	change_session
51	Can delete session	13	delete_session
52	Can view session	13	view_session
\.


--
-- TOC entry 3784 (class 0 OID 16428)
-- Dependencies: 225
-- Data for Name: auth_user; Type: TABLE DATA; Schema: public; Owner: postgres
--

COPY public.auth_user (id, password, last_login, is_superuser, username, first_name, last_name, email, is_staff, is_active, date_joined) FROM stdin;
-- TODO: Create new DB dump with generic superuser
\.


--
-- TOC entry 3786 (class 0 OID 16436)
-- Dependencies: 227
-- Data for Name: auth_user_groups; Type: TABLE DATA; Schema: public; Owner: postgres
--

COPY public.auth_user_groups (id, user_id, group_id) FROM stdin;
\.


--
-- TOC entry 3788 (class 0 OID 16442)
-- Dependencies: 229
-- Data for Name: auth_user_user_permissions; Type: TABLE DATA; Schema: public; Owner: postgres
--

COPY public.auth_user_user_permissions (id, user_id, permission_id) FROM stdin;
\.


--
-- TOC entry 3790 (class 0 OID 16500)
-- Dependencies: 231
-- Data for Name: django_admin_log; Type: TABLE DATA; Schema: public; Owner: postgres
--

COPY public.django_admin_log (id, action_time, object_id, object_repr, action_flag, change_message, content_type_id, user_id) FROM stdin;
1	2023-02-18 12:06:11.036335+01	D-ABYA	B747-8I (D-ABYA)	1	[{"added": {}}]	2	1
2	2023-02-18 12:06:48.855413+01	1	Captain: Carsten Spohr	1	[{"added": {}}]	4	1
3	2023-02-18 12:07:17.989306+01	2	First Officer: Jürgen Raps	1	[{"added": {}}]	4	1
4	2023-02-18 12:07:52.28595+01	3	Cabin Crew: Karl Geisau	1	[{"added": {}}]	4	1
5	2023-02-18 12:08:18.46952+01	4	Cabin Crew: Tobias Bernhard	1	[{"added": {}}]	4	1
6	2023-02-18 12:08:58.362477+01	1	James Bond with status Platinum	1	[{"added": {}}]	5	1
7	2023-02-18 12:13:06.744222+01	2	Rainer Zufall with status Bronze	1	[{"added": {}}]	5	1
8	2023-02-18 12:13:35.492824+01	EDDF	Frankfurt International Airport (EDDF)	1	[{"added": {}}]	1	1
9	2023-02-18 12:15:09.44326+01	KJFK	John F. Kennedy International Airport (KJFK)	1	[{"added": {}}]	1	1
10	2023-02-18 12:16:59.063957+01	LH 470	Flight LH 470 from Frankfurt International Airport (EDDF) to John F. Kennedy International Airport (KJFK)	1	[{"added": {}}]	6	1
11	2023-02-18 12:17:13.5421+01	1	Passenger James Bond on flight LH 470	1	[{"added": {}}]	7	1
12	2023-02-18 12:17:17.337529+01	2	Passenger Rainer Zufall on flight LH 470	1	[{"added": {}}]	7	1
13	2023-02-18 12:17:27.324501+01	1	Employee Carsten Spohr on flight LH 470	1	[{"added": {}}]	3	1
14	2023-02-18 12:17:31.893107+01	2	Employee Jürgen Raps on flight LH 470	1	[{"added": {}}]	3	1
15	2023-02-18 12:17:35.528415+01	3	Employee Karl Geisau on flight LH 470	1	[{"added": {}}]	3	1
16	2023-02-18 12:17:39.551455+01	4	Employee Tobias Bernhard on flight LH 470	1	[{"added": {}}]	3	1
\.


--
-- TOC entry 3776 (class 0 OID 16400)
-- Dependencies: 217
-- Data for Name: django_content_type; Type: TABLE DATA; Schema: public; Owner: postgres
--

COPY public.django_content_type (id, app_label, model) FROM stdin;
1	airportx	airport
2	airlinex	aircraft
3	airlinex	assignment
4	airlinex	employee
5	airlinex	passenger
6	airlinex	flight
7	airlinex	booking
8	admin	logentry
9	auth	permission
10	auth	group
11	auth	user
12	contenttypes	contenttype
13	sessions	session
\.


--
-- TOC entry 3774 (class 0 OID 16392)
-- Dependencies: 215
-- Data for Name: django_migrations; Type: TABLE DATA; Schema: public; Owner: postgres
--

COPY public.django_migrations (id, app, name, applied) FROM stdin;
1	contenttypes	0001_initial	2023-02-18 11:09:56.49454+01
2	auth	0001_initial	2023-02-18 11:09:56.527401+01
3	admin	0001_initial	2023-02-18 11:09:56.535185+01
4	admin	0002_logentry_remove_auto_add	2023-02-18 11:09:56.538784+01
5	admin	0003_logentry_add_action_flag_choices	2023-02-18 11:09:56.543105+01
6	airportx	0001_initial	2023-02-18 11:09:56.545487+01
7	airlinex	0001_initial	2023-02-18 11:09:56.567068+01
8	airlinex	0002_flight_aircraft	2023-02-18 11:09:56.571706+01
9	airlinex	0003_alter_flight_aircraft	2023-02-18 11:09:56.578071+01
10	airlinex	0004_passenger_notes	2023-02-18 11:09:56.580898+01
11	contenttypes	0002_remove_content_type_name	2023-02-18 11:09:56.590072+01
12	auth	0002_alter_permission_name_max_length	2023-02-18 11:09:56.593695+01
13	auth	0003_alter_user_email_max_length	2023-02-18 11:09:56.596946+01
14	auth	0004_alter_user_username_opts	2023-02-18 11:09:56.600182+01
15	auth	0005_alter_user_last_login_null	2023-02-18 11:09:56.604148+01
16	auth	0006_require_contenttypes_0002	2023-02-18 11:09:56.606022+01
17	auth	0007_alter_validators_add_error_messages	2023-02-18 11:09:56.610643+01
18	auth	0008_alter_user_username_max_length	2023-02-18 11:09:56.619166+01
19	auth	0009_alter_user_last_name_max_length	2023-02-18 11:09:56.622716+01
20	auth	0010_alter_group_name_max_length	2023-02-18 11:09:56.634787+01
21	auth	0011_update_proxy_permissions	2023-02-18 11:09:56.639354+01
22	auth	0012_alter_user_first_name_max_length	2023-02-18 11:09:56.643741+01
23	sessions	0001_initial	2023-02-18 11:09:56.651528+01
\.


--
-- TOC entry 3802 (class 0 OID 16626)
-- Dependencies: 243
-- Data for Name: django_session; Type: TABLE DATA; Schema: public; Owner: postgres
--

COPY public.django_session (session_key, session_data, expire_date) FROM stdin;
3dbbsgmnf9ylo063r7i7tzgz6molcn25	.eJxVjMsOwiAQRf-FtSEwAwVcuvcbyPCSqoGktCvjv2uTLnR7zzn3xTxta_XbyIufEzszyU6_W6D4yG0H6U7t1nnsbV3mwHeFH3Twa0_5eTncv4NKo35ri6AjaA2KolEJDTmyxSlwkkRQVILJkIUlJFlcAZMnJ0VBoUFgmZC9P85sNzk:1pTL1P:YnsHabSDP0XDYpJ_vAUQ7R2ISN1TRLR0qG8zr8yRGkY	2023-03-04 12:04:51.213847+01
\.


--
-- TOC entry 3809 (class 0 OID 0)
-- Dependencies: 234
-- Name: airlinex_assignment_id_seq; Type: SEQUENCE SET; Schema: public; Owner: postgres
--

SELECT pg_catalog.setval('public.airlinex_assignment_id_seq', 4, true);


--
-- TOC entry 3810 (class 0 OID 0)
-- Dependencies: 241
-- Name: airlinex_booking_id_seq; Type: SEQUENCE SET; Schema: public; Owner: postgres
--

SELECT pg_catalog.setval('public.airlinex_booking_id_seq', 2, true);


--
-- TOC entry 3811 (class 0 OID 0)
-- Dependencies: 236
-- Name: airlinex_employee_id_seq; Type: SEQUENCE SET; Schema: public; Owner: postgres
--

SELECT pg_catalog.setval('public.airlinex_employee_id_seq', 4, true);


--
-- TOC entry 3812 (class 0 OID 0)
-- Dependencies: 238
-- Name: airlinex_passenger_id_seq; Type: SEQUENCE SET; Schema: public; Owner: postgres
--

SELECT pg_catalog.setval('public.airlinex_passenger_id_seq', 2, true);


--
-- TOC entry 3813 (class 0 OID 0)
-- Dependencies: 220
-- Name: auth_group_id_seq; Type: SEQUENCE SET; Schema: public; Owner: postgres
--

SELECT pg_catalog.setval('public.auth_group_id_seq', 1, false);


--
-- TOC entry 3814 (class 0 OID 0)
-- Dependencies: 222
-- Name: auth_group_permissions_id_seq; Type: SEQUENCE SET; Schema: public; Owner: postgres
--

SELECT pg_catalog.setval('public.auth_group_permissions_id_seq', 1, false);


--
-- TOC entry 3815 (class 0 OID 0)
-- Dependencies: 218
-- Name: auth_permission_id_seq; Type: SEQUENCE SET; Schema: public; Owner: postgres
--

SELECT pg_catalog.setval('public.auth_permission_id_seq', 52, true);


--
-- TOC entry 3816 (class 0 OID 0)
-- Dependencies: 226
-- Name: auth_user_groups_id_seq; Type: SEQUENCE SET; Schema: public; Owner: postgres
--

SELECT pg_catalog.setval('public.auth_user_groups_id_seq', 1, false);


--
-- TOC entry 3817 (class 0 OID 0)
-- Dependencies: 224
-- Name: auth_user_id_seq; Type: SEQUENCE SET; Schema: public; Owner: postgres
--

SELECT pg_catalog.setval('public.auth_user_id_seq', 1, true);


--
-- TOC entry 3818 (class 0 OID 0)
-- Dependencies: 228
-- Name: auth_user_user_permissions_id_seq; Type: SEQUENCE SET; Schema: public; Owner: postgres
--

SELECT pg_catalog.setval('public.auth_user_user_permissions_id_seq', 1, false);


--
-- TOC entry 3819 (class 0 OID 0)
-- Dependencies: 230
-- Name: django_admin_log_id_seq; Type: SEQUENCE SET; Schema: public; Owner: postgres
--

SELECT pg_catalog.setval('public.django_admin_log_id_seq', 16, true);


--
-- TOC entry 3820 (class 0 OID 0)
-- Dependencies: 216
-- Name: django_content_type_id_seq; Type: SEQUENCE SET; Schema: public; Owner: postgres
--

SELECT pg_catalog.setval('public.django_content_type_id_seq', 13, true);


--
-- TOC entry 3821 (class 0 OID 0)
-- Dependencies: 214
-- Name: django_migrations_id_seq; Type: SEQUENCE SET; Schema: public; Owner: postgres
--

SELECT pg_catalog.setval('public.django_migrations_id_seq', 23, true);


--
-- TOC entry 3586 (class 2606 OID 16530)
-- Name: airlinex_aircraft airlinex_aircraft_pkey; Type: CONSTRAINT; Schema: public; Owner: postgres
--

ALTER TABLE ONLY public.airlinex_aircraft
    ADD CONSTRAINT airlinex_aircraft_pkey PRIMARY KEY (registration);


--
-- TOC entry 3592 (class 2606 OID 16536)
-- Name: airlinex_assignment airlinex_assignment_pkey; Type: CONSTRAINT; Schema: public; Owner: postgres
--

ALTER TABLE ONLY public.airlinex_assignment
    ADD CONSTRAINT airlinex_assignment_pkey PRIMARY KEY (id);


--
-- TOC entry 3610 (class 2606 OID 16560)
-- Name: airlinex_booking airlinex_booking_pkey; Type: CONSTRAINT; Schema: public; Owner: postgres
--

ALTER TABLE ONLY public.airlinex_booking
    ADD CONSTRAINT airlinex_booking_pkey PRIMARY KEY (id);


--
-- TOC entry 3594 (class 2606 OID 16542)
-- Name: airlinex_employee airlinex_employee_pkey; Type: CONSTRAINT; Schema: public; Owner: postgres
--

ALTER TABLE ONLY public.airlinex_employee
    ADD CONSTRAINT airlinex_employee_pkey PRIMARY KEY (id);


--
-- TOC entry 3605 (class 2606 OID 16554)
-- Name: airlinex_flight airlinex_flight_pkey; Type: CONSTRAINT; Schema: public; Owner: postgres
--

ALTER TABLE ONLY public.airlinex_flight
    ADD CONSTRAINT airlinex_flight_pkey PRIMARY KEY (number);


--
-- TOC entry 3596 (class 2606 OID 16548)
-- Name: airlinex_passenger airlinex_passenger_pkey; Type: CONSTRAINT; Schema: public; Owner: postgres
--

ALTER TABLE ONLY public.airlinex_passenger
    ADD CONSTRAINT airlinex_passenger_pkey PRIMARY KEY (id);


--
-- TOC entry 3584 (class 2606 OID 16524)
-- Name: airportx_airport airportx_airport_pkey; Type: CONSTRAINT; Schema: public; Owner: postgres
--

ALTER TABLE ONLY public.airportx_airport
    ADD CONSTRAINT airportx_airport_pkey PRIMARY KEY (icao_code);


--
-- TOC entry 3552 (class 2606 OID 16624)
-- Name: auth_group auth_group_name_key; Type: CONSTRAINT; Schema: public; Owner: postgres
--

ALTER TABLE ONLY public.auth_group
    ADD CONSTRAINT auth_group_name_key UNIQUE (name);


--
-- TOC entry 3557 (class 2606 OID 16457)
-- Name: auth_group_permissions auth_group_permissions_group_id_permission_id_0cd325b0_uniq; Type: CONSTRAINT; Schema: public; Owner: postgres
--

ALTER TABLE ONLY public.auth_group_permissions
    ADD CONSTRAINT auth_group_permissions_group_id_permission_id_0cd325b0_uniq UNIQUE (group_id, permission_id);


--
-- TOC entry 3560 (class 2606 OID 16426)
-- Name: auth_group_permissions auth_group_permissions_pkey; Type: CONSTRAINT; Schema: public; Owner: postgres
--

ALTER TABLE ONLY public.auth_group_permissions
    ADD CONSTRAINT auth_group_permissions_pkey PRIMARY KEY (id);


--
-- TOC entry 3554 (class 2606 OID 16418)
-- Name: auth_group auth_group_pkey; Type: CONSTRAINT; Schema: public; Owner: postgres
--

ALTER TABLE ONLY public.auth_group
    ADD CONSTRAINT auth_group_pkey PRIMARY KEY (id);


--
-- TOC entry 3547 (class 2606 OID 16448)
-- Name: auth_permission auth_permission_content_type_id_codename_01ab375a_uniq; Type: CONSTRAINT; Schema: public; Owner: postgres
--

ALTER TABLE ONLY public.auth_permission
    ADD CONSTRAINT auth_permission_content_type_id_codename_01ab375a_uniq UNIQUE (content_type_id, codename);


--
-- TOC entry 3549 (class 2606 OID 16412)
-- Name: auth_permission auth_permission_pkey; Type: CONSTRAINT; Schema: public; Owner: postgres
--

ALTER TABLE ONLY public.auth_permission
    ADD CONSTRAINT auth_permission_pkey PRIMARY KEY (id);


--
-- TOC entry 3568 (class 2606 OID 16440)
-- Name: auth_user_groups auth_user_groups_pkey; Type: CONSTRAINT; Schema: public; Owner: postgres
--

ALTER TABLE ONLY public.auth_user_groups
    ADD CONSTRAINT auth_user_groups_pkey PRIMARY KEY (id);


--
-- TOC entry 3571 (class 2606 OID 16472)
-- Name: auth_user_groups auth_user_groups_user_id_group_id_94350c0c_uniq; Type: CONSTRAINT; Schema: public; Owner: postgres
--

ALTER TABLE ONLY public.auth_user_groups
    ADD CONSTRAINT auth_user_groups_user_id_group_id_94350c0c_uniq UNIQUE (user_id, group_id);


--
-- TOC entry 3562 (class 2606 OID 16432)
-- Name: auth_user auth_user_pkey; Type: CONSTRAINT; Schema: public; Owner: postgres
--

ALTER TABLE ONLY public.auth_user
    ADD CONSTRAINT auth_user_pkey PRIMARY KEY (id);


--
-- TOC entry 3574 (class 2606 OID 16446)
-- Name: auth_user_user_permissions auth_user_user_permissions_pkey; Type: CONSTRAINT; Schema: public; Owner: postgres
--

ALTER TABLE ONLY public.auth_user_user_permissions
    ADD CONSTRAINT auth_user_user_permissions_pkey PRIMARY KEY (id);


--
-- TOC entry 3577 (class 2606 OID 16486)
-- Name: auth_user_user_permissions auth_user_user_permissions_user_id_permission_id_14a6b632_uniq; Type: CONSTRAINT; Schema: public; Owner: postgres
--

ALTER TABLE ONLY public.auth_user_user_permissions
    ADD CONSTRAINT auth_user_user_permissions_user_id_permission_id_14a6b632_uniq UNIQUE (user_id, permission_id);


--
-- TOC entry 3565 (class 2606 OID 16619)
-- Name: auth_user auth_user_username_key; Type: CONSTRAINT; Schema: public; Owner: postgres
--

ALTER TABLE ONLY public.auth_user
    ADD CONSTRAINT auth_user_username_key UNIQUE (username);


--
-- TOC entry 3580 (class 2606 OID 16507)
-- Name: django_admin_log django_admin_log_pkey; Type: CONSTRAINT; Schema: public; Owner: postgres
--

ALTER TABLE ONLY public.django_admin_log
    ADD CONSTRAINT django_admin_log_pkey PRIMARY KEY (id);


--
-- TOC entry 3542 (class 2606 OID 16406)
-- Name: django_content_type django_content_type_app_label_model_76bd3d3b_uniq; Type: CONSTRAINT; Schema: public; Owner: postgres
--

ALTER TABLE ONLY public.django_content_type
    ADD CONSTRAINT django_content_type_app_label_model_76bd3d3b_uniq UNIQUE (app_label, model);


--
-- TOC entry 3544 (class 2606 OID 16404)
-- Name: django_content_type django_content_type_pkey; Type: CONSTRAINT; Schema: public; Owner: postgres
--

ALTER TABLE ONLY public.django_content_type
    ADD CONSTRAINT django_content_type_pkey PRIMARY KEY (id);


--
-- TOC entry 3540 (class 2606 OID 16398)
-- Name: django_migrations django_migrations_pkey; Type: CONSTRAINT; Schema: public; Owner: postgres
--

ALTER TABLE ONLY public.django_migrations
    ADD CONSTRAINT django_migrations_pkey PRIMARY KEY (id);


--
-- TOC entry 3613 (class 2606 OID 16632)
-- Name: django_session django_session_pkey; Type: CONSTRAINT; Schema: public; Owner: postgres
--

ALTER TABLE ONLY public.django_session
    ADD CONSTRAINT django_session_pkey PRIMARY KEY (session_key);


--
-- TOC entry 3587 (class 1259 OID 16571)
-- Name: airlinex_aircraft_registration_e1d865b7_like; Type: INDEX; Schema: public; Owner: postgres
--

CREATE INDEX airlinex_aircraft_registration_e1d865b7_like ON public.airlinex_aircraft USING btree (registration varchar_pattern_ops);


--
-- TOC entry 3588 (class 1259 OID 16600)
-- Name: airlinex_assignment_employee_id_1b62b316; Type: INDEX; Schema: public; Owner: postgres
--

CREATE INDEX airlinex_assignment_employee_id_1b62b316 ON public.airlinex_assignment USING btree (employee_id);


--
-- TOC entry 3589 (class 1259 OID 16601)
-- Name: airlinex_assignment_flight_id_1d95d3bb; Type: INDEX; Schema: public; Owner: postgres
--

CREATE INDEX airlinex_assignment_flight_id_1d95d3bb ON public.airlinex_assignment USING btree (flight_id);


--
-- TOC entry 3590 (class 1259 OID 16602)
-- Name: airlinex_assignment_flight_id_1d95d3bb_like; Type: INDEX; Schema: public; Owner: postgres
--

CREATE INDEX airlinex_assignment_flight_id_1d95d3bb_like ON public.airlinex_assignment USING btree (flight_id varchar_pattern_ops);


--
-- TOC entry 3606 (class 1259 OID 16597)
-- Name: airlinex_booking_flight_id_084d83f2; Type: INDEX; Schema: public; Owner: postgres
--

CREATE INDEX airlinex_booking_flight_id_084d83f2 ON public.airlinex_booking USING btree (flight_id);


--
-- TOC entry 3607 (class 1259 OID 16598)
-- Name: airlinex_booking_flight_id_084d83f2_like; Type: INDEX; Schema: public; Owner: postgres
--

CREATE INDEX airlinex_booking_flight_id_084d83f2_like ON public.airlinex_booking USING btree (flight_id varchar_pattern_ops);


--
-- TOC entry 3608 (class 1259 OID 16599)
-- Name: airlinex_booking_passenger_id_da0d1fa1; Type: INDEX; Schema: public; Owner: postgres
--

CREATE INDEX airlinex_booking_passenger_id_da0d1fa1 ON public.airlinex_booking USING btree (passenger_id);


--
-- TOC entry 3597 (class 1259 OID 16608)
-- Name: airlinex_flight_aircraft_id_d51880de; Type: INDEX; Schema: public; Owner: postgres
--

CREATE INDEX airlinex_flight_aircraft_id_d51880de ON public.airlinex_flight USING btree (aircraft_id);


--
-- TOC entry 3598 (class 1259 OID 16609)
-- Name: airlinex_flight_aircraft_id_d51880de_like; Type: INDEX; Schema: public; Owner: postgres
--

CREATE INDEX airlinex_flight_aircraft_id_d51880de_like ON public.airlinex_flight USING btree (aircraft_id varchar_pattern_ops);


--
-- TOC entry 3599 (class 1259 OID 16583)
-- Name: airlinex_flight_departure_airport_id_f4ea3b0d; Type: INDEX; Schema: public; Owner: postgres
--

CREATE INDEX airlinex_flight_departure_airport_id_f4ea3b0d ON public.airlinex_flight USING btree (departure_airport_id);


--
-- TOC entry 3600 (class 1259 OID 16584)
-- Name: airlinex_flight_departure_airport_id_f4ea3b0d_like; Type: INDEX; Schema: public; Owner: postgres
--

CREATE INDEX airlinex_flight_departure_airport_id_f4ea3b0d_like ON public.airlinex_flight USING btree (departure_airport_id varchar_pattern_ops);


--
-- TOC entry 3601 (class 1259 OID 16585)
-- Name: airlinex_flight_destination_airport_id_85ec5ad1; Type: INDEX; Schema: public; Owner: postgres
--

CREATE INDEX airlinex_flight_destination_airport_id_85ec5ad1 ON public.airlinex_flight USING btree (destination_airport_id);


--
-- TOC entry 3602 (class 1259 OID 16586)
-- Name: airlinex_flight_destination_airport_id_85ec5ad1_like; Type: INDEX; Schema: public; Owner: postgres
--

CREATE INDEX airlinex_flight_destination_airport_id_85ec5ad1_like ON public.airlinex_flight USING btree (destination_airport_id varchar_pattern_ops);


--
-- TOC entry 3603 (class 1259 OID 16582)
-- Name: airlinex_flight_number_7f01238e_like; Type: INDEX; Schema: public; Owner: postgres
--

CREATE INDEX airlinex_flight_number_7f01238e_like ON public.airlinex_flight USING btree (number varchar_pattern_ops);


--
-- TOC entry 3582 (class 1259 OID 16525)
-- Name: airportx_airport_icao_code_6ea576a0_like; Type: INDEX; Schema: public; Owner: postgres
--

CREATE INDEX airportx_airport_icao_code_6ea576a0_like ON public.airportx_airport USING btree (icao_code varchar_pattern_ops);


--
-- TOC entry 3550 (class 1259 OID 16625)
-- Name: auth_group_name_a6ea08ec_like; Type: INDEX; Schema: public; Owner: postgres
--

CREATE INDEX auth_group_name_a6ea08ec_like ON public.auth_group USING btree (name varchar_pattern_ops);


--
-- TOC entry 3555 (class 1259 OID 16468)
-- Name: auth_group_permissions_group_id_b120cbf9; Type: INDEX; Schema: public; Owner: postgres
--

CREATE INDEX auth_group_permissions_group_id_b120cbf9 ON public.auth_group_permissions USING btree (group_id);


--
-- TOC entry 3558 (class 1259 OID 16469)
-- Name: auth_group_permissions_permission_id_84c5c92e; Type: INDEX; Schema: public; Owner: postgres
--

CREATE INDEX auth_group_permissions_permission_id_84c5c92e ON public.auth_group_permissions USING btree (permission_id);


--
-- TOC entry 3545 (class 1259 OID 16454)
-- Name: auth_permission_content_type_id_2f476e4b; Type: INDEX; Schema: public; Owner: postgres
--

CREATE INDEX auth_permission_content_type_id_2f476e4b ON public.auth_permission USING btree (content_type_id);


--
-- TOC entry 3566 (class 1259 OID 16484)
-- Name: auth_user_groups_group_id_97559544; Type: INDEX; Schema: public; Owner: postgres
--

CREATE INDEX auth_user_groups_group_id_97559544 ON public.auth_user_groups USING btree (group_id);


--
-- TOC entry 3569 (class 1259 OID 16483)
-- Name: auth_user_groups_user_id_6a12ed8b; Type: INDEX; Schema: public; Owner: postgres
--

CREATE INDEX auth_user_groups_user_id_6a12ed8b ON public.auth_user_groups USING btree (user_id);


--
-- TOC entry 3572 (class 1259 OID 16498)
-- Name: auth_user_user_permissions_permission_id_1fbb5f2c; Type: INDEX; Schema: public; Owner: postgres
--

CREATE INDEX auth_user_user_permissions_permission_id_1fbb5f2c ON public.auth_user_user_permissions USING btree (permission_id);


--
-- TOC entry 3575 (class 1259 OID 16497)
-- Name: auth_user_user_permissions_user_id_a95ead1b; Type: INDEX; Schema: public; Owner: postgres
--

CREATE INDEX auth_user_user_permissions_user_id_a95ead1b ON public.auth_user_user_permissions USING btree (user_id);


--
-- TOC entry 3563 (class 1259 OID 16620)
-- Name: auth_user_username_6821ab7c_like; Type: INDEX; Schema: public; Owner: postgres
--

CREATE INDEX auth_user_username_6821ab7c_like ON public.auth_user USING btree (username varchar_pattern_ops);


--
-- TOC entry 3578 (class 1259 OID 16518)
-- Name: django_admin_log_content_type_id_c4bce8eb; Type: INDEX; Schema: public; Owner: postgres
--

CREATE INDEX django_admin_log_content_type_id_c4bce8eb ON public.django_admin_log USING btree (content_type_id);


--
-- TOC entry 3581 (class 1259 OID 16519)
-- Name: django_admin_log_user_id_c564eba6; Type: INDEX; Schema: public; Owner: postgres
--

CREATE INDEX django_admin_log_user_id_c564eba6 ON public.django_admin_log USING btree (user_id);


--
-- TOC entry 3611 (class 1259 OID 16634)
-- Name: django_session_expire_date_a5c62663; Type: INDEX; Schema: public; Owner: postgres
--

CREATE INDEX django_session_expire_date_a5c62663 ON public.django_session USING btree (expire_date);


--
-- TOC entry 3614 (class 1259 OID 16633)
-- Name: django_session_session_key_c0390e0f_like; Type: INDEX; Schema: public; Owner: postgres
--

CREATE INDEX django_session_session_key_c0390e0f_like ON public.django_session USING btree (session_key varchar_pattern_ops);


--
-- TOC entry 3624 (class 2606 OID 16561)
-- Name: airlinex_assignment airlinex_assignment_employee_id_1b62b316_fk_airlinex_; Type: FK CONSTRAINT; Schema: public; Owner: postgres
--

ALTER TABLE ONLY public.airlinex_assignment
    ADD CONSTRAINT airlinex_assignment_employee_id_1b62b316_fk_airlinex_ FOREIGN KEY (employee_id) REFERENCES public.airlinex_employee(id) DEFERRABLE INITIALLY DEFERRED;


--
-- TOC entry 3625 (class 2606 OID 16566)
-- Name: airlinex_assignment airlinex_assignment_flight_id_1d95d3bb_fk_airlinex_; Type: FK CONSTRAINT; Schema: public; Owner: postgres
--

ALTER TABLE ONLY public.airlinex_assignment
    ADD CONSTRAINT airlinex_assignment_flight_id_1d95d3bb_fk_airlinex_ FOREIGN KEY (flight_id) REFERENCES public.airlinex_flight(number) DEFERRABLE INITIALLY DEFERRED;


--
-- TOC entry 3629 (class 2606 OID 16587)
-- Name: airlinex_booking airlinex_booking_flight_id_084d83f2_fk_airlinex_flight_number; Type: FK CONSTRAINT; Schema: public; Owner: postgres
--

ALTER TABLE ONLY public.airlinex_booking
    ADD CONSTRAINT airlinex_booking_flight_id_084d83f2_fk_airlinex_flight_number FOREIGN KEY (flight_id) REFERENCES public.airlinex_flight(number) DEFERRABLE INITIALLY DEFERRED;


--
-- TOC entry 3630 (class 2606 OID 16592)
-- Name: airlinex_booking airlinex_booking_passenger_id_da0d1fa1_fk_airlinex_passenger_id; Type: FK CONSTRAINT; Schema: public; Owner: postgres
--

ALTER TABLE ONLY public.airlinex_booking
    ADD CONSTRAINT airlinex_booking_passenger_id_da0d1fa1_fk_airlinex_passenger_id FOREIGN KEY (passenger_id) REFERENCES public.airlinex_passenger(id) DEFERRABLE INITIALLY DEFERRED;


--
-- TOC entry 3626 (class 2606 OID 16610)
-- Name: airlinex_flight airlinex_flight_aircraft_id_d51880de_fk_airlinex_; Type: FK CONSTRAINT; Schema: public; Owner: postgres
--

ALTER TABLE ONLY public.airlinex_flight
    ADD CONSTRAINT airlinex_flight_aircraft_id_d51880de_fk_airlinex_ FOREIGN KEY (aircraft_id) REFERENCES public.airlinex_aircraft(registration) DEFERRABLE INITIALLY DEFERRED;


--
-- TOC entry 3627 (class 2606 OID 16572)
-- Name: airlinex_flight airlinex_flight_departure_airport_id_f4ea3b0d_fk_airportx_; Type: FK CONSTRAINT; Schema: public; Owner: postgres
--

ALTER TABLE ONLY public.airlinex_flight
    ADD CONSTRAINT airlinex_flight_departure_airport_id_f4ea3b0d_fk_airportx_ FOREIGN KEY (departure_airport_id) REFERENCES public.airportx_airport(icao_code) DEFERRABLE INITIALLY DEFERRED;


--
-- TOC entry 3628 (class 2606 OID 16577)
-- Name: airlinex_flight airlinex_flight_destination_airport__85ec5ad1_fk_airportx_; Type: FK CONSTRAINT; Schema: public; Owner: postgres
--

ALTER TABLE ONLY public.airlinex_flight
    ADD CONSTRAINT airlinex_flight_destination_airport__85ec5ad1_fk_airportx_ FOREIGN KEY (destination_airport_id) REFERENCES public.airportx_airport(icao_code) DEFERRABLE INITIALLY DEFERRED;


--
-- TOC entry 3616 (class 2606 OID 16463)
-- Name: auth_group_permissions auth_group_permissio_permission_id_84c5c92e_fk_auth_perm; Type: FK CONSTRAINT; Schema: public; Owner: postgres
--

ALTER TABLE ONLY public.auth_group_permissions
    ADD CONSTRAINT auth_group_permissio_permission_id_84c5c92e_fk_auth_perm FOREIGN KEY (permission_id) REFERENCES public.auth_permission(id) DEFERRABLE INITIALLY DEFERRED;


--
-- TOC entry 3617 (class 2606 OID 16458)
-- Name: auth_group_permissions auth_group_permissions_group_id_b120cbf9_fk_auth_group_id; Type: FK CONSTRAINT; Schema: public; Owner: postgres
--

ALTER TABLE ONLY public.auth_group_permissions
    ADD CONSTRAINT auth_group_permissions_group_id_b120cbf9_fk_auth_group_id FOREIGN KEY (group_id) REFERENCES public.auth_group(id) DEFERRABLE INITIALLY DEFERRED;


--
-- TOC entry 3615 (class 2606 OID 16449)
-- Name: auth_permission auth_permission_content_type_id_2f476e4b_fk_django_co; Type: FK CONSTRAINT; Schema: public; Owner: postgres
--

ALTER TABLE ONLY public.auth_permission
    ADD CONSTRAINT auth_permission_content_type_id_2f476e4b_fk_django_co FOREIGN KEY (content_type_id) REFERENCES public.django_content_type(id) DEFERRABLE INITIALLY DEFERRED;


--
-- TOC entry 3618 (class 2606 OID 16478)
-- Name: auth_user_groups auth_user_groups_group_id_97559544_fk_auth_group_id; Type: FK CONSTRAINT; Schema: public; Owner: postgres
--

ALTER TABLE ONLY public.auth_user_groups
    ADD CONSTRAINT auth_user_groups_group_id_97559544_fk_auth_group_id FOREIGN KEY (group_id) REFERENCES public.auth_group(id) DEFERRABLE INITIALLY DEFERRED;


--
-- TOC entry 3619 (class 2606 OID 16473)
-- Name: auth_user_groups auth_user_groups_user_id_6a12ed8b_fk_auth_user_id; Type: FK CONSTRAINT; Schema: public; Owner: postgres
--

ALTER TABLE ONLY public.auth_user_groups
    ADD CONSTRAINT auth_user_groups_user_id_6a12ed8b_fk_auth_user_id FOREIGN KEY (user_id) REFERENCES public.auth_user(id) DEFERRABLE INITIALLY DEFERRED;


--
-- TOC entry 3620 (class 2606 OID 16492)
-- Name: auth_user_user_permissions auth_user_user_permi_permission_id_1fbb5f2c_fk_auth_perm; Type: FK CONSTRAINT; Schema: public; Owner: postgres
--

ALTER TABLE ONLY public.auth_user_user_permissions
    ADD CONSTRAINT auth_user_user_permi_permission_id_1fbb5f2c_fk_auth_perm FOREIGN KEY (permission_id) REFERENCES public.auth_permission(id) DEFERRABLE INITIALLY DEFERRED;


--
-- TOC entry 3621 (class 2606 OID 16487)
-- Name: auth_user_user_permissions auth_user_user_permissions_user_id_a95ead1b_fk_auth_user_id; Type: FK CONSTRAINT; Schema: public; Owner: postgres
--

ALTER TABLE ONLY public.auth_user_user_permissions
    ADD CONSTRAINT auth_user_user_permissions_user_id_a95ead1b_fk_auth_user_id FOREIGN KEY (user_id) REFERENCES public.auth_user(id) DEFERRABLE INITIALLY DEFERRED;


--
-- TOC entry 3622 (class 2606 OID 16508)
-- Name: django_admin_log django_admin_log_content_type_id_c4bce8eb_fk_django_co; Type: FK CONSTRAINT; Schema: public; Owner: postgres
--

ALTER TABLE ONLY public.django_admin_log
    ADD CONSTRAINT django_admin_log_content_type_id_c4bce8eb_fk_django_co FOREIGN KEY (content_type_id) REFERENCES public.django_content_type(id) DEFERRABLE INITIALLY DEFERRED;


--
-- TOC entry 3623 (class 2606 OID 16513)
-- Name: django_admin_log django_admin_log_user_id_c564eba6_fk_auth_user_id; Type: FK CONSTRAINT; Schema: public; Owner: postgres
--

ALTER TABLE ONLY public.django_admin_log
    ADD CONSTRAINT django_admin_log_user_id_c564eba6_fk_auth_user_id FOREIGN KEY (user_id) REFERENCES public.auth_user(id) DEFERRABLE INITIALLY DEFERRED;


-- Completed on 2023-02-18 12:20:33 CET

--
-- PostgreSQL database dump complete
--

